{"image_metrics/full/psnr": 36.45897235870361, "image_metrics/full/ssim": 0.953304024040699, "image_metrics/full/lpips": 0.11676142420619726, "image_metrics/full/occupied_psnr": 36.442413330078125, "image_metrics/full/occupied_ssim": 0.9545190304517746, "image_metrics/full/masked_psnr": 32.76827511787415, "image_metrics/full/masked_ssim": 0.9345477253198624, "image_metrics/full/human_psnr": 37.299872970581056, "image_metrics/full/human_ssim": 0.9567362993955613, "image_metrics/full/vehicle_psnr": 31.01606149673462, "image_metrics/full/vehicle_ssim": 0.9172624975442887}